id,term,name
,1,//
,2,"/dev·nuhl/"
,2,n.
,3,//
,5,//
,5,n.
,6,infix.
,7,//
,7,n.
,8,adj.
,9,"/at´par`tee/"
,9,n.
,10,"/@·breev´/"
,10,"/@·brev´/"
,10,n.
,11,"/a´bend/"
,11,"/@·bend´/"
,11,n.
,12,"n. obs."
,13,/ak/
,13,interj.
,14,n.
,15,"/ad·hok'@r·ee/"
,15,n.
,16,n.
,17,"/aj´r/"
,17,vt.
,18,"/ad·min´/"
,18,n.
,19,"/ad´vent/"
,19,n.
,20,n.
,21,//
,21,n.
,22,//
,22,n.
,24,"/A·I/"
,24,n.
,25,"/A·I k@m·pleet'/"
,25,adj.
,26,n.
,27,n.
,28,n.
,29,n.
,30,prov.
,32,n.
,33,n.
,34,/awlt/
,35,"/awlt bit/"
,35,adj.
,36,n.
,37,"/am·b@·mows´ter·us/"
,37,"/am·b@·mows´trus/"
,37,adj
,38,n
,39,n.
,40,vt.
,41,n.
,43,n.
,43,"/ang´band/"
,44,n.
,45,n.
,46,"/@·noy·bot/"
,46,n.
,47,n.
,48,"/an´see stan´d@rd/"
,49,"/an´see stan´d@rd peet´z@/"
,50,n.
,51,n.
,52,/ap/
,52,n.
,54,n.
,55,/arg/
,55,n.
,56,n.
,57,n.
,58,adj.
,59,n.
,60,n.
,61,"/as´kee/"
,61,n.
,62,n.
,63,"/as´kee·be'·t@·kl or´dr/"
,63,"adj.,n."
,64,n.
,65,adj.
,66,n.
,67,n.
,68,"/A·U·P/"
,69,"/aw´toh·boh·got`@·foh´bee·@/"
,71,"/aw·toh·maj´i·klee/"
,71,adv.
,72,n.
,73,/awk/
,74,/bif/
,74,BIFF
,74,n.
,75,//
,76,n.
,77,n.
,78,"n.,obs."
,80,"n.,adj.,vt."
,81,n.
,82,n.
,83,"/bak´w@rd k@m·bat'@·bil'@·tee/"
,83,n.
,84,"/B·A·D/"
,84,adj.
,85,adj.
,86,n.
,87,n.
,88,"/bag´bi:t·@r/"
,88,n.
,89,adj.
,90,v.
,91,n.
,92,/bamf/
,93,n.
,94,n.
,96,vt.
,97,n.
,98,n.
,99,n.
,100,n.
,101,/bar/
,101,n.
,102,n.
,103,/barf/
,103,"n.,v."
,104,n.
,105,"/bar`fyoo·lay´sh@n/"
,105,interj.
,106,"/bar´fyoo·l@s/"
,106,adj.
,107,n.
,108,n.
,109,adj.
,110,"/bay'·sic/"
,110,n.
,111,n.
,112,adj.
,113,n.
,114,n.
,115,/bawd/
,115,n.
,116,/baz/
,116,n.
,117,"n.,adj."
,118,"/bee´bord/"
,118,n.
,119,"/B·B·S/"
,119,n.
,120,//
,120,n.
,122,vt.
,123,n.
,124,"n.,v."
,125,n.
,126,n.
,127,n.
,128,n.
,129,n.
,130,adj.
,131,"/b@r·zer´klee/"
,131,n.
,132,"/bay´t@/"
,132,"/be´t@/"
,132,"/bee´t@/"
,132,n.
,133,"/B·F·I/"
,133,n.
,134,//
,135,n.
,136,n.
,137,/bif/
,137,vt.
,138,n.
,139,n.
,140,n.
,141,n.
,142,adj.
,143,"/big´nuhm/"
,143,n.
,144,n.
,146,n.
,147,n.
,148,n.
,149,n.
,150,n.
,151,n.
,152,n.
,153,n.
,154,"n.,obs."
,155,"/bit´blit/"
,155,n.
,156,pl.n.
,157,"/bit´ee boks/"
,157,n.
,158,"/bik´see/"
,158,n.
,159,n.
,161,"n.,vt."
,162,n.
,164,v.
,165,/blarg/
,165,n.
,167,n.
,168,/blech/
,168,interj.
,169,"/blech'@·r@s/"
,169,adj.
,170,"/blink'@n·li:tz/"
,170,n.
,171,/blit/
,171,vt.
,172,"/blit´r/"
,172,n.
,173,"/bliv'@t/"
,173,n.
,174,n.
,176,v.
,177,n.
,178,n.
,181,"/bloh @n ee´prom/"
,181,v.
,182,vt.
,183,vi.
,184,vt.
,185,vi.
,186,"/B·L·T/"
,186,/bl@t/
,186,/belt/
,186,"n.,vt."
,188,n.
,189,n.
,190,n.
,191,n.
,192,"/bler´gl/"
,192,n.
,193,"/B·N·F/"
,193,n.
,194,n.
,195,n.
,196,n.
,197,n.
,199,"/B·O·F/"
,199,/bof/
,199,n.
,200,//
,200,n.
,201,"/boh`goh·sort´/"
,201,n.
,202,"/boh·gom'·@t·er/"
,202,n.
,203,"/bo´go·mips/"
,203,n.
,204,"/boh´gon/"
,204,n.
,205,"/boh´gon fil'tr/"
,205,n.
,206,"/boh´gon fluhks/"
,206,n.
,207,"/boh·go´s@·tee/"
,207,n.
,208,"/boh·go´t@·fi:/"
,208,vt.
,209,"/bohg owt/"
,209,vi.
,210,adj.
,211,"/bohr buhg/"
,211,n.
,212,/boynk/
,214,n.
,215,/bonk/
,215,/oyf/
,215,interj.
,217,"v.,n."
,218,n.
,219,adj.
,220,n
,221,n.
,222,v.
,223,n.
,224,v.
,225,n.
,226,n.
,227,n.
,228,n.
,229,"/bok´sn/"
,229,pl.n.
,230,"/bok·sol'@·jee/"
,230,n.
,231,"/boh·zoh´tik/"
,231,"/boh·zo´tik/"
,231,adj.
,232,n.
,233,n.
,234,adj.
,235,adj.
,236,"/bray´no/"
,236,n.
,237,n.
,238,n.
,240,n.
,241,n.
,242,n.
,243,"/bri:d´bart ind@ks/"
,244,n.
,246,v.
,247,adj.
,248,n.
,249,adj.
,250,n.
,252,n.
,253,"/broh´k@t/"
,253,"/broh´ket`/"
,253,n.
,254,prov.
,255,n.
,256,n.
,257,"/B·R·S/"
,257,n.
,258,adj.
,259,n.
,260,"/B·S·D/"
,260,n.
,261,"/B·S·O·D/"
,262,//
,262,n.
,263,//
,263,n.
,264,n.
,265,"/buh´kee bits/"
,265,n.
,266,n.
,267,n.
,268,n.
,269,adj.
,270,n.
,271,n.
,272,adj.
,273,"/bul´shilt/"
,273,n.
,274,vt.
,275,v.
,276,n.
,277,v.
,278,n.
,279,n.
,280,vi.
,281,vi.
,283,"/B·W·Q/"
,283,n.
,284,adv.
,285,/bi:t/
,285,n.
,286,n.
,287,"/bi:t`sek´shu·@l/"
,287,adj.
,288,"/bzt rong/"
,288,excl.
,289,n.
,290,n.
,291,//
,292,"/C'·pluhs·pluhs/"
,292,n.
,293,n.
,294,n.
,298,"/kan´sel·bot/"
,299,"/kan´sel·moos/"
,300,n.
,301,adj.
,302,"/keir´weir/"
,302,n.
,303,n.
,304,n.
,305,n.
,307,n.
,308,n.
,309,vt.
,310,adj.
,311,"n.,adj."
,312,"/C·D til·d@/"
,312,vi.
,313,"/C·D·A/"
,314,"/ku´dr/"
,314,"/kuh´dr/"
,314,vt.
,315,/chad/
,315,n.
,316,n.
,318,"/chi:´nik/"
,319,n.
,320,n.
,321,"/chan´l op/"
,321,n.
,322,"/chan'·op/"
,322,n.
,323,/keir/
,323,/char/
,323,/kar/
,323,n.
,324,"/cha´rit·ee·weir`/"
,324,n.
,326,n.
,327,n.
,328,adv.
,329,n.
,330,n.
,331,"/cher·noh´b@l pak'@t/"
,331,n.
,332,n.
,333,n.
,334,n.
,335,n.
,336,/chohd/
,336,n.
,337,v.
,338,vi.
,339,n.
,340,/chop/
,340,n.
,341,n.
,342,n.
,343,n.
,344,vi.
,345,n.
,346,//
,346,n.
,347,n.
,348,"/klas´ik C/"
,348,n.
,350,n.
,351,"/C·L·M/"
,352,vt.
,354,n.
,355,n.
,356,n.
,357,n.
,359,"/kluh´st@r·gee`king/"
,359,n.
,360,"/koh´loh`/"
,360,n.
,361,n.
,363,"/koh´bol/"
,363,n.
,364,"/koh´bol fing´grz/"
,364,n.
,365,n.
,367,n.
,368,n
,369,n.
,370,n.
,371,n.
,372,n.
,373,n.
,374,"/kohk´bot·l/"
,374,n.
,375,n.
,376,n.
,377,"/kom mohd/"
,377,n.
,378,n.
,379,vt.
,380,n.
,381,adj.
,382,n.
,383,n.
,384,vt.
,385,n.
,386,n.
,387,"/kom´pyoo·tron`/"
,387,n.
,388,n.
,389,vt.
,390,n.
,391,n.
,392,n.
,393,/konz/
,393,/kons/
,394,adj.
,395,n.
,396,n.
,397,adj.
,398,vi.
,399,vi.
,400,vi.
,401,vi.
,402,prov.
,403,n.
,404,n.
,405,n.
,406,"n. obs."
,407,n.
,408,n.
,409,n.
,410,n.
,411,n.
,412,n.
,413,"/kop´ee·brohk/"
,413,adj.
,414,n.
,415,"/kop´ee·left/"
,415,n.
,416,n.
,417,"/kop´ee·rongd/"
,417,adj.
,418,n.
,419,n.
,420,n.
,421,n.
,422,n.
,423,n.
,424,v.
,426,n.
,427,n.
,428,"/C·P·M/"
,428,n.
,429,"/C·P·U worz/"
,429,n.
,431,v.
,432,n.
,433,n.
,434,vt.
,435,n.
,436,"/krap´tekh/"
,436,n.
,438,"vi.,n."
,439,n.
,441,n.
,442,v.
,443,n.
,444,"/kree´ping fee´chr·izm/"
,444,n.
,445,"/kree´ping fee'·chr·i:`t@s/"
,445,n.
,446,"/kret´in/"
,446,"/kree´tn/"
,446,n.
,447,"/kret´n·@s/"
,447,"/kreet´n·@s/"
,447,adj.
,448,n.
,449,n.
,450,"/ker´l@f/"
,450,"/kru´l@f/"
,450,"/C·R·L·F/"
,450,n.
,451,n.
,452,vi.
,453,"v.,n."
,454,"/kruhd´weir/"
,454,n.
,455,/kruhft/
,456,vt.
,457,"/kruhfts´m@n·ship /"
,457,n.
,458,"/kruhf´tee/"
,458,adj.
,459,n.
,461,"/krip´ee/"
,461,n.
,462,"/kthool´hik/"
,462,adj.
,463,"/C·T·S·S/"
,463,n.
,464,n.
,465,n.
,466,n.
,467,"/kuhs´pee/"
,467,adj.
,468,vi.
,469,"/si:´ber·kruhd/"
,469,n.
,470,"/si:´ber·puhnk/"
,470,"n.,adj."
,471,"/si:´br·spays`/"
,471,n.
,473,n.
,474,n.
,475,n.
,476,n.
,477,"/day´mn/"
,477,"/dee´mn/"
,477,n.
,478,n.
,479,"/dah´mum/"
,479,n.
,480,n.
,481,n.
,482,n.
,483,"/day`t@·may´sh@n/"
,483,n.
,484,/dow/
,484,n.
,485,n.
,486,n.
,487,"/dee·dee/"
,487,vt.
,488,"/D·D·T/"
,488,n.
,489,"/dee·rez´/"
,490,adj.
,491,n.
,492,n.
,494,"/ded·beef/"
,494,n.
,495,n.
,496,n.
,497,n.
,498,n.
,499,n.
,501,/dek/
,501,n.
,502,n.
,503,"n.,vi"
,504,"/dek´l/"
,504,n.
,505,"/D·E·D/"
,505,n.
,506,n.
,507,n.
,508,n.
,509,n.
,510,adj.
,512,"/dee·hohz/"
,512,vt.
,514,n.
,514,"/d@·lee´sha/"
,515,"/de·lim'·in·ay·t@r/"
,515,n.
,516,"/dee·lint/"
,516,"v. obs."
,517,n.
,518,adj.
,519,n.
,520,"/de´moh/"
,521,n.
,522,n.
,523,n.
,524,n.
,525,n.
,526,n.
,527,"/dem´oh·seen/"
,528,"/den´troh/"
,529,"/dee·ped'@·tayt/"
,529,n.
,530,adj.
,531,/derf/
,532,adj.
,533,"/d@·spyoo´/"
,533,v.
,534,n.
,535,n.
,537,v.
,538,v.
,539,/dif/
,539,n.
,540,vt.
,542,"n.,vi."
,543,/dink/
,543,adj.
,544,n.
,545,n.
,546,n.
,547,n.
,548,n.
,549,n.
,550,"/dis·kor´di·@n·ism/"
,550,n.
,551,v.
,552,n.
,553,n.
,554,vt.
,555,n.
,556,n.
,557,n.
,558,adj.
,560,vi.
,561,/dok/
,561,n.
,562,n.
,563,adj.
,564,"/dog´kow/"
,564,n.
,565,n.
,566,v.
,567,"/dog´wosh/"
,568,imp.
,569,"/dong´gl/"
,569,n.
,570,"/don´gl disk/"
,570,n.
,572,n.
,573,//
,574,n.
,575,adj.
,576,n.
,578,vt.
,579,"/D·P/"
,579,n.
,580,"/dee·pee·er/"
,580,n.
,581,"/@m·boh´goh, dok´tr fred/"
,581,n.
,582,n.
,583,n.
,584,v.
,585,n.
,587,"/drek´net/"
,587,n.
,588,n.
,589,n.
,590,n.
,591,n.
,592,vt.
,593,n.
,594,n.
,595,adj.
,596,n.
,597,n.
,598,n.
,600,n.
,601,n.
,602,"/duhm´as @·tak´/"
,602,n.
,603,adj.
,604,n.
,605,"/dump'·ster di:´·ving/"
,605,n.
,606,n.
,607,/dwim/
,608,"/din´r/"
,608,n.
,609,n.
,610,n.
,611,imp.
,612,"/eb´s@·dik/"
,612,"/eb´see`dik/"
,612,"/eb´k@·dik/"
,612,n.
,613,"/E·C·P/"
,613,n.
,614,n.
,615,n.
,616,vi.
,617,n.
,618,"/el´ k@·mee´noh big´nuhm/"
,618,n.
,619,n.
,620,adj.
,621,adj.
,622,n.
,623,adj.
,624,"/@·li:´z@ @·fekt´/"
,624,n.
,625,n.
,626,"/ee´maks/"
,626,n.
,627,"/ee´mayl/"
,628,"/ee·moh´ti·kon/"
,628,n.
,629,"/E·M·P/"
,630,n.
,631,n.
,633,n.
,634,/enkw/
,634,/enk/
,635,n.
,636,"/E·O·F/"
,636,n.
,637,"/E·O·L/"
,637,n.
,638,"/E·O·U/"
,638,n.
,639,n.
,641,n.
,642,n.
,643,n.
,644,"/e´ris/"
,644,n.
,645,"/ee·ro´tiks/"
,645,n.
,646,n.
,647,"/yoor´o·dem`·o/"
,648,adj.
,649,adj.
,650,n.
,651,"/ek´s@/"
,651,pref.
,652,n.
,653,"/eks´ch@/"
,653,/eksch/
,653,vt.
,654,"/eks´kl/"
,654,n.
,655,"/eks´ee/"
,655,"/eek´see/"
,655,"/E·X·E/"
,655,n.
,656,"/eg·zek´/"
,656,"/eks´ek/"
,656,n.
,657,adj.
,658,"/eks´on/"
,658,excl.
,659,n.
,660,n.
,661,n.
,662,"/i:´ kand`ee/"
,662,n.
,663,"n.,v."
,664,n.
,665,n.
,666,n.
,666,"/fer´ingz/"
,667,vi.
,668,v.
,669,n.
,670,n.
,671,"/F·A·Q/"
,671,/fak/
,671,n.
,672,"/F·A·Q list/"
,672,"/fak list/"
,672,n.
,673,"/fa´kl/"
,673,n.
,674,"/far'@·di:z/"
,674,v.
,675,"/far´kld/"
,675,adj.
,676,n.
,677,adj.
,678,n.
,680,vt.
,681,adj.
,682,n.
,683,n.
,684,n.
,685,n.
,686,n.
,687,n.
,688,"/fee`ch@r·ek´t@·mee/"
,688,n.
,689,/feep/
,690,"/fee´pr/"
,690,n.
,691,n.
,692,"/fee´ping kree`ch@r·izm/"
,692,n.
,693,"/feech feech/"
,693,interj.
,695,n.
,697,n.
,698,n.
,699,"/fee´ld ser´voyd/"
,699,n.
,700,n.
,701,/filk/
,701,"n.,v."
,703,n.
,704,n.
,705,adj.
,707,n.
,708,n.
,709,v.
,710,n.obs.
,711,n.
,712,n.
,713,n.
,714,n.
,715,n.
,716,"/ferm´weir/"
,716,n.
,717,n.
,718,n.
,719,n.
,720,//
,720,adj.
,721,"n.,v."
,722,imp.
,723,n.
,724,n.
,725,adj.
,726,"/flay'm@j/"
,726,n.
,728,n.
,729,interj.
,730,n.
,731,n.
,732,vt.
,733,/flarp/
,733,n.
,735,adj.
,736,adj.
,737,adj.
,738,vt.
,739,n.
,740,adj.
,741,"/flip´ee/"
,741,n.
,742,v.
,743,n.
,744,n.
,745,v.
,746,"/fli:´payj/"
,746,n.
,747,n.
,748,n.
,749,"/F·M/"
,749,n.
,750,n.
,751,//
,751,n.
,752,/fod/
,752,v.
,753,v.
,754,n.
,755,n.
,756,/foo/
,757,n.
,758,n.
,759,n.
,760,n.
,761,n.
,762,adj.
,763,adj.
,765,pl.n.
,766,vt.
,768,n.
,769,"adj.,vi."
,770,n.
,771,"/for´trash/"
,771,n.
,772,n.
,773,n.
,774,n.
,775,n.
,776,"n.,v."
,777,adj.
,778,n.
,779,n.
,780,n.
,781,"/fred´net/"
,781,n.
,782,n.
,783,n.
,784,v.
,785,adj.
,786,/frink/
,786,v.
,787,"/fri:´ohd/"
,787,n.
,788,n.
,789,/frob/
,790,"/frob´ni·kayt/"
,790,vt.
,791,"/frob´nits/"
,791,pl.
,791,frobnitzem
,791,"/frob´nit·zm/"
,791,"frob­ni"
,791,"/frob'­ni:/"
,791,n.
,792,phrog
,793,v.
,794,n.
,795,/frots/
,796,/frotst/
,796,adj.
,797,n.
,798,//
,798,"n.,obs."
,800,"/fus'·king/"
,800,"/eff'·seek·ing/"
,800,adj.
,801,"/F·S·F/"
,801,abbrev.
,803,n.
,804,excl.
,805,/fuhd/
,805,n.
,806,"/fuhd worz/"
,806,n.
,808,n.
,809,vi.
,810,n.
,811,n.
,812,n.
,813,adj.
,814,n.
,815,excl.
,816,"pref.,suff."
,817,n.
,818,n.
,819,vi.
,820,"/gar´plee/"
,820,n.
,823,"/gaw´bl/"
,823,n.
,824,"/G·C/"
,825,"/jee´kohs/"
,825,n.
,826,"/jee´kohs/"
,826,n.
,827,"/g@·dahn´kn/"
,827,adj.
,828,v.
,829,n.
,830,n.
,831,vi.
,833,/jen/
,833,"n.,v."
,834,n.
,835,n.
,836,vt.
,837,n.
,838,"/jen´sim/"
,839,imp.
,840,imp.
,842,/jib/
,844,/jig/
,844,/gig/
,844,n.
,845,"/ji´ga/"
,845,"/gi´ga/"
,845,pref.
,846,"/gi:´goh/"
,847,n.
,848,"/gil´y@n/"
,848,"/jil´y@n/"
,848,n.
,849,n.
,850,/gips/
,850,/jips/
,850,n.
,851,n.
,852,/glark/
,852,vt.
,853,n.
,854,"/glas T·T·Y/"
,854,"/glas ti´tee/"
,854,n.
,855,"/glas´fet/"
,855,n.
,856,/glich/
,857,/glob/
,857,not
,857,/glohb/
,857,"v.,n."
,858,/glork/
,859,n.
,860,"/nar´lee/"
,860,adj.
,861,/gnoo/
,861,not
,861,/noo/
,862,"/noo´bee/"
,862,n.
,863,"/gnoo´maks/"
,863,n.
,864,v.
,865,v.
,866,vi.
,867,n.
,868,//
,870,vt.
,871,prov.
,872,"/god·zil'@·gram/"
,872,n.
,873,adj.
,874,"n. obs."
,875,/gonk/
,875,"vi.,n."
,876,"/gon´kyoo·lay·tr/"
,876,n.
,877,"/gon´zoh/"
,877,adj.
,878,"n.,adj."
,879,v.
,880,n.
,881,n.
,882,n.
,883,"/gor´ets/"
,883,n.
,884,n.
,885,/gorp/
,885,n.
,886,"/goz´maks/"
,886,n.
,887,n.
,888,"/G·P·L/"
,888,n.
,889,"/G·P·V/"
,889,n.
,890,n.
,893,n.
,894,n.
,895,n.
,896,"vi.,n."
,897,n.
,898,n.
,899,n.
,900,n.
,901,prov.
,902,n.
,903,/grep/
,903,vi.
,904,n.
,905,//
,905,n.
,906,vt.
,907,n.
,907,//
,908,/grich/
,909,/grok/
,909,/grohk/
,909,vt.
,910,/gronk/
,910,vt.
,911,vi.
,912,adj.
,913,vi.
,914,n.
,915,/gruhnj/
,915,n.
,916,"/guhb'@sh/"
,916,n.
,917,"/gwee´do/"
,917,"/khwee´do/"
,918,"/gilt´weir/"
,918,n.
,919,"/guhm´bee/"
,919,n.
,920,/guhnch/
,920,vt.
,921,n.
,922,n.
,923,n.
,924,/gweep/
,925,n.
,929,n.
,930,n.
,931,vt.
,932,vt.
,933,vt.
,934,n.
,935,adj.
,936,adj.
,937,n.
,938,n.
,940,n.
,941,n.
,942,n.
,943,n.
,944,"/hak´ish/"
,944,adj.
,945,n.
,946,n.
,947,n.
,948,n.
,949,adj.
,950,"/hak´mem/"
,950,n.
,951,"/hak´speek/"
,951,n.
,952,n.
,954,vt.
,955,n.
,956,//
,957,vt.
,958,n.
,959,v.
,960,n.
,961,n.
,962,"/hand´wayv/"
,963,v.
,964,prov.
,965,adv.
,966,n.
,967,adj.
,968,"/hard·weir'@·lee/"
,968,adv.
,969,adj.
,971,n.
,972,n.
,973,n.
,974,"/H·C·F/"
,974,n.
,975,adj.
,976,n.
,977,n.
,978,n.
,979,n.
,980,adj.
,982,"/hi:´zen·buhg/"
,982,n.
,984,interj.
,985,interj.
,986,excl.
,987,n.
,988,n.
,989,"/hek´sit/"
,989,n.
,992,n.
,993,n.
,994,"/hi:´ mohb´ee/"
,994,n.
,995,adv.
,996,//
,996,n.
,997,n.
,998,adj.
,999,"/H·L·L/"
,999,n.
,1000,n.
,1001,"n.,vt."
,1002,n.
,1003,"/hol´ist/"
,1003,adj.
,1004,n.
,1005,n.
,1006,n.
,1007,n.
,1008,n.
,1009,n.
,1010,n.
,1012,adj.
,1014,adj.
,1015,n.
,1016,n.
,1017,"/hot´link/"
,1017,n.
,1018,n.
,1019,"/H·P suhks/"
,1019,n.
,1020,//
,1021,v.
,1022,adj.
,1023,n.
,1024,"/huhng´g@s/"
,1024,adj.
,1025,"/hi:´per·spays/"
,1025,n.
,1026,n.
,1027,interj.
,1030,//
,1031,"/I·B·M/"
,1032,n.
,1033,n.
,1034,"/I·D·ten·T er'@r/"
,1035,adj.
,1036,"/I·D·P/"
,1036,"v.,n."
,1038,"/if´def owt/"
,1038,v.
,1039,//
,1040,adj.
,1041,//
,1041,abbrev.
,1042,prov.
,1043,adj.
,1044,n.
,1045,vt.
,1046,n.
,1047,n.
,1049,n.
,1050,n.
,1051,adj.
,1052,n.
,1053,n.
,1054,n.
,1055,vt.
,1056,n.
,1057,"/in·it´gaym/"
,1057,n.
,1058,adj.
,1060,"/in´t@r·kal/"
,1060,n.
,1062,adj.
,1063,n.
,1066,n.
,1068,adj.
,1070,n.
,1071,"/I·R·C/"
,1071,n.
,1072,n.
,1073,n.
,1074,n.
,1075,n.
,1076,n.
,1077,"/I·S·P/"
,1078,n.
,1079,"/I·T·S/"
,1079,n.
,1080,//
,1081,//
,1082,"/J rand´m/"
,1082,n.
,1083,"/J rand´m hak´r/"
,1083,n.
,1084,v.
,1085,"/jag´eez/"
,1085,n.
,1087,"/J·C·L/"
,1087,n.
,1088,//
,1088,n.
,1090,n.
,1093,n.
,1094,n.
,1095,n.
,1096,"/joh´ kohd`/"
,1096,n.
,1097,"n., vt."
,1098,vi.
,1099,n.
,1100,v.
,1101,vt.
,1102,/K/
,1102,n.
,1103,n.
,1104,pref.
,1105,"/k@·hoo´n@/"
,1105,n.
,1106,n.
,1107,n.
,1108,/ken/
,1108,n.
,1110,"/K·G·B´vaks/"
,1110,n.
,1111,"/ki:´boh/"
,1112,v.
,1113,"/ki:·boh´zoh/"
,1113,n.
,1114,v.
,1115,n.
,1117,n.
,1118,n.
,1119,pref.
,1120,n.
,1121,/kips/
,1121,n.
,1122,"/kis´ prin´si·pl/"
,1122,n.
,1123,n.
,1124,n.
,1125,/klohn/
,1125,n.
,1127,/klooj/
,1128,vt.
,1129,vt.
,1130,n.
,1131,pl.n.
,1132,n.
,1133,"/ka·nooth´/"
,1133,n.
,1134,"/koh´an/"
,1134,n.
,1137,"/krem·vaks/"
,1137,n.
,1138,"/chur´ka/"
,1138,n.
,1139,n.
,1140,n.
,1141,"/lan par´tee/"
,1142,n.
,1143,n.
,1144,//
,1145,n.
,1146,/layz/
,1146,vt.
,1147,n.
,1148,n.
,1149,n.
,1150,n.
,1151,n.
,1153,n.
,1154,adj.
,1155,n.
,1157,"/L·E·R/"
,1158,/lerp/
,1158,"vi.,n."
,1159,v.
,1161,"/lek´sr/"
,1161,n.
,1162,n.
,1163,prov.
,1164,n.
,1165,adj.
,1166,adj.
,1167,adj.
,1169,"n. obs."
,1170,n.
,1171,adj.
,1172,n.
,1173,n.
,1174,adj.
,1176,n.
,1177,"/leen´us/"
,1177,"/lin´us/"
,1177,"/li:´nus/"
,1178,"/lee´nuhks/"
,1178,"/li´nuks/"
,1178,not
,1178,"/li:´nuhks/"
,1178,n.
,1179,n.
,1180,n.
,1181,n.
,1182,v.
,1183,n.
,1184,adj.
,1185,/li:v/
,1185,"adj.,adv."
,1186,n.
,1187,imp.
,1188,"/li:v´lok/"
,1188,n.
,1189,"/li:v´weir/"
,1189,n.
,1190,n.
,1191,pl.n.
,1192,"adj.,obs."
,1193,adj.
,1194,n.
,1195,adj.
,1196,vt.
,1197,n.
,1198,n.
,1199,vi.
,1200,interj.
,1201,n.
,1202,adj.
,1203,n.
,1204,"/los'@j/"
,1204,n.
,1205,adj.
,1206,adj.
,1207,adj.
,1208,adj.
,1209,adj.
,1210,prov.
,1211,n.
,1212,n.
,1213,n.
,1214,"/loo´zr/"
,1214,n.
,1215,pref.
,1217,"/mak´dink/"
,1217,vt.
,1218,"/mach´oh·flops/"
,1218,n.
,1219,"/mak´in·toy/"
,1219,n.
,1220,"/mak´in·trash`/"
,1220,n.
,1221,"/mak´roh/"
,1221,n.
,1222,pref.
,1223,"/mak·rol'@·jee/"
,1223,n.
,1224,"/mag'@t·boks/"
,1224,n.
,1226,n.
,1227,n.
,1228,n.
,1229,n.
,1231,n.
,1232,n.
,1233,n.
,1234,n.
,1235,n.
,1236,n.
,1237,n.
,1238,"/man´del·buhg/"
,1238,n.
,1239,/mahnjd/
,1239,n.
,1240,vt.
,1241,n.
,1242,n.
,1243,"/man`yoo·la´ri·tee/"
,1243,n.
,1245,pl.n.
,1246,adj.
,1247,adv.
,1248,"/mar´k@·troyd/"
,1248,n.
,1249,n.
,1250,n.
,1251,vt.
,1252,n.
,1253,n.
,1254,n.
,1255,n.
,1257,"/meet´spays/"
,1257,n.
,1258,n.
,1259,"/mees'@z/"
,1259,n.
,1260,/meg/
,1260,n.
,1261,"/me´g@/"
,1261,pref.
,1262,"/meg'@·pen`ee/"
,1262,n.
,1263,"/me´goh/"
,1263,"/mee´goh/"
,1264,n.
,1265,/meem/
,1265,n.
,1266,n.
,1267,"/me·met´iks/"
,1267,n.
,1268,n.
,1269,n.
,1270,n.
,1271,"/men`yoo·i:´tis/"
,1271,n.
,1272,"/mes·dos/"
,1272,n.
,1273,"/me´t@/"
,1273,"/may´t@/"
,1273,"/mee´t@/"
,1273,pref.
,1274,n.
,1275,n.
,1276,"/M·F·T·L/"
,1277,n.
,1278,n.
,1279,pref.
,1280,n.
,1281,n.
,1282,"/mi:`·kroh·len'·@t/"
,1282,n.
,1283,"/mi:´kroh·reed/"
,1283,n.
,1284,"/mi:´kro·s@rf/"
,1285,"/mi:´kroh·sloth` win´dohz/"
,1285,n.
,1288,adj.
,1290,"/mil'@·lamp`sn/"
,1290,n.
,1292,/mips/
,1292,n.
,1293,"/mis·buhg/"
,1293,n.
,1294,"/mis·fee´chr/"
,1294,"/mis´fee`chr/"
,1294,n.
,1295,n.
,1297,"/mis·wort/"
,1297,n.
,1298,//
,1299,"/moh´bo/"
,1300,"/moh´bee/"
,1301,n.
,1302,"vt.,n."
,1303,n.
,1304,n.
,1305,"/mod´yu·loh/"
,1305,prep.
,1306,n.
,1306,"/mo´jee·ba·ke/"
,1307,"/mol´ee·gard/"
,1307,n.
,1308,n.
,1309,vt.
,1310,n.
,1312,"/mon´tee/"
,1312,n.
,1313,/moof/
,1314,"/morz law/"
,1314,prov.
,1315,"/mor´ee·@/"
,1315,n.
,1316,"/moh·tahz/"
,1316,n.
,1317,"/moh·tohs/"
,1317,n.
,1318,/mots/
,1318,"/M·O·T·S·S/"
,1318,n.
,1319,vi.
,1320,n.
,1321,n.
,1322,n.
,1324,"/mow´soh/"
,1324,n.
,1325,"/M·S·dos/"
,1325,n.
,1326,/moo/
,1327,/muhd/
,1327,n.
,1328,n.
,1329,n.
,1331,"/muhl´tiks/"
,1331,n.
,1332,n.
,1333,"/muhm´bl@j/"
,1333,n.
,1334,interj.
,1335,vt.
,1336,n.
,1337,n.
,1338,"/muhnch´kin/"
,1338,n.
,1339,n.
,1340,/muhng/
,1340,vt.
,1341,/muhnj/
,1341,vt.
,1342,prov.
,1343,n.
,1344,vt.
,1345,/N/
,1345,quant.
,1346,"/nad´jr/"
,1346,v.
,1347,"/nag´weir/"
,1347,n.
,1348,adj.
,1349,vi.
,1350,adj.
,1351,n.
,1352,/nak/
,1352,interj.
,1353,//
,1354,"/nan´oh/"
,1354,n.
,1355,pref.
,1356,"/nan´oh·ay`kr/"
,1356,n.
,1357,"/nan´oh·bot/"
,1357,n.
,1358,"/nan´oh·k@m·pyoo´tr/"
,1358,n.
,1359,n.
,1360,"/nan'·oh·tek·no`l@·jee/"
,1360,n.
,1362,n.
,1363,"/nas´tee·gram/"
,1363,n.
,1364,n.
,1365,n.
,1366,n.
,1367,n.
,1368,"/neep neep/"
,1368,n.
,1369,"/nee`oh·fil'·ee·@/"
,1369,n.
,1370,n.
,1371,n.
,1372,"/net dot/"
,1372,pref.
,1373,"/net god/"
,1373,n.
,1374,"/net per`sn·al'·@·tee/"
,1374,n.
,1375,"/net·p@·lees'/"
,1375,n.
,1376,n.
,1377,n.
,1378,"/net´hak/"
,1378,n.
,1379,"/net´ee·ket/"
,1379,"/net´i·ket/"
,1379,n.
,1380,n.
,1381,"/net´n[y]ooz/"
,1381,n.
,1382,n.
,1383,n.
,1384,n.
,1385,n.
,1386,n.
,1387,adj.
,1388,n.
,1389,"/n[y]oo´bee/"
,1389,n.
,1390,"/n[y]oo´groop worz/"
,1390,n.
,1391,"/n[y]oo´li:n/"
,1391,n.
,1392,"/nee´wis/"
,1392,"/n[y]oo´is/"
,1392,/n[y]ooz/
,1392,n.
,1393,//
,1393,n.
,1394,n.
,1395,n.
,1396,"/ni´kl/"
,1396,n.
,1397,n.
,1398,n.
,1399,/nil/
,1400,n.
,1401,n.
,1402,"/N·M·I/"
,1402,n.
,1403,"/noh´op/"
,1403,"n.,v."
,1404,"/nod´ee/"
,1404,adj.
,1405,n.
,1406,adj.
,1407,adj.
,1409,adj.
,1410,"/not´werk/"
,1410,n.
,1411,"/N·P/"
,1411,pref.
,1412,n.
,1413,"/N·S·P/"
,1413,n.
,1414,adj.
,1415,"/n[y]oo´gree/"
,1416,/n[y]ook/
,1416,vt.
,1417,n.
,1418,n.
,1419,"/nuk´see pro´bl@m/"
,1419,n.
,1420,"/nib´l/"
,1420,nibble
,1420,n.
,1421,"/nyet´werk/"
,1421,n.
,1422,/ob/
,1422,pref.
,1423,n.
,1424,"/oh´bee·won` er'@r/"
,1424,n.
,1425,n.
,1426,adj.
,1427,"/ok´tl for´tee/"
,1427,n.
,1428,adj.
,1429,n.
,1430,adv.
,1431,/og/
,1431,v.
,1432,suff.
,1433,n.
,1434,n.
,1436,n.
,1437,n.
,1438,n.
,1439,"/oo´blik/"
,1439,n.
,1440,//
,1441,/op/
,1441,n.
,1442,n.
,1443,n.
,1444,n.
,1445,n.
,1447,n.
,1448,n.
,1449,n.
,1451,n.
,1452,n.
,1453,n.
,1454,"/or´f@nd i:´nohd/"
,1454,n.
,1455,adj.
,1456,"/O·S/"
,1457,"/O S too/"
,1457,n.
,1459,//
,1460,//
,1461,adj.
,1462,"/oh´vr·klok´/"
,1462,vt.
,1463,n.
,1464,n.
,1465,n.
,1467,"/P·O·D/"
,1469,n.
,1470,v.
,1471,vi.
,1472,n.
,1473,n.
,1474,"/p@·ram´/"
,1474,n.
,1475,n.
,1476,n.
,1477,pl.n.
,1478,prov.
,1479,/parm/
,1479,n.
,1480,vt.
,1481,n.
,1483,"/pay´stee/"
,1483,n.
,1485,n.
,1486,n.
,1487,n.
,1488,adj.
,1489,"/pay´weir/"
,1489,n.
,1490,"/P·B·D/"
,1490,n.
,1491,"/P·D/"
,1491,adj.
,1492,n.
,1494,n.
,1495,"/peb´kak/"
,1496,"n.,vt."
,1497,n.
,1498,n.
,1499,n.
,1500,n.
,1501,"/per·sent´ es´/"
,1501,n.
,1502,/perf/
,1502,n.
,1503,n.
,1504,/perl/
,1504,n.
,1505,n.
,1506,"/pes´im·l/"
,1506,adj.
,1507,"/pes'@·mi:z`ing k@m·pi:l´r/"
,1507,n.
,1508,"/pe´t@/"
,1509,interj.
,1510,n.
,1511,n.
,1513,n.
,1514,n.
,1515,"/P·H·B/"
,1516,"/freek´r/"
,1516,n.
,1517,"/freek´ing/"
,1517,n.
,1518,pref.
,1520,n.
,1522,n.
,1523,n.
,1525,n.
,1526,n.
,1527,n.
,1528,n.
,1529,n.
,1530,n.
,1531,"/playn·as´kee/"
,1532,n.
,1533,n.
,1534,adj.
,1535,n.
,1536,/playt/
,1537,"/plok´t@/"
,1537,v.
,1538,"excl.,vt."
,1539,"adj.,vi."
,1540,/ploogh/
,1540,v.
,1541,n.
,1542,"/P·M/"
,1543,n.
,1544,n.
,1545,n.
,1546,adj.
,1547,"n.,vt."
,1548,"v.,n."
,1549,n.
,1550,"/P·O·M/"
,1550,n.
,1551,n.
,1552,/pop/
,1553,n.
,1554,v.
,1555,n.
,1557,n.
,1558,n.
,1559,n.
,1560,vt.
,1561,vt.
,1562,n.
,1563,//
,1564,"/pre´s@·dens los'@j/"
,1564,n.
,1565,//
,1566,"/pree`pend´/"
,1566,vt.
,1567,"/pres`t@·di`j@·ti:·zay´sh@n/"
,1567,n.
,1568,n.
,1569,"/prit´ee·print/"
,1569,v.
,1570,n.
,1571,n.
,1572,n.
,1573,v.
,1574,n.
,1575,n.
,1576,n.
,1577,"/proh´gaz·m/"
,1577,n.
,1578,n.
,1579,"/prog´let/"
,1579,n.
,1580,n.
,1582,n.
,1583,n.
,1584,n.
,1585,n.
,1586,adj.
,1587,n.
,1588,n.
,1589,n.
,1590,"/soo´doh/"
,1590,n.
,1591,n.
,1592,"/soo´doh·s[y]oot`/"
,1592,n.
,1593,"/si:`k@·del'·ik·weir/"
,1593,n.
,1594,"/si:´ton/"
,1594,n.
,1595,"/pyoob´ik d@·rek´t@·ree/"
,1595,n.
,1596,vt.
,1597,n.
,1598,n.
,1600,v.
,1601,n.
,1602,n.
,1604,"/pi:´thon/"
,1605,n.
,1606,"n. obs."
,1608,"/kwon´tm boh`goh·di:·nam´iks/"
,1608,n.
,1609,n.
,1610,/kwes/
,1611,adj.
,1612,/kwi:n/
,1612,n.
,1613,interj.
,1614,v.
,1615,n.
,1616,/kwuhks/
,1616,n.
,1617,/kwuhks/
,1618,"/kwer´tee/"
,1618,adj.
,1619,n.
,1620,n.
,1621,n.
,1622,adj.
,1624,n.
,1625,n.
,1626,vt.
,1627,adj.
,1628,n.
,1629,n.
,1630,n.
,1631,n.
,1632,n.
,1635,vi.
,1636,imp.
,1637,/ravz/
,1637,"Chinese ravs"
,1637,n.
,1638,n.
,1639,"/R·B·L/"
,1640,"/R·C fi:l/"
,1640,n.
,1641,"/R·E/"
,1641,n.
,1642,n.
,1643,n.
,1644,adj.
,1645,n.
,1646,n.
,1647,n.
,1648,n.
,1649,adv.
,1651,n.
,1652,n.
,1653,n.
,1654,n.
,1655,n.
,1657,n.
,1658,n.
,1659,n.
,1660,n.
,1661,"/reg´eksp/"
,1661,n.
,1662,n.
,1664,n.
,1665,v.
,1666,n.
,1667,/ki:/
,1667,n.
,1668,n.
,1669,n.
,1670,n.
,1671,n.
,1672,"/ret´kon/"
,1673,v.
,1674,"/ret'·roh·k@m·pyoo´ting/"
,1674,n.
,1675,v.
,1676,"/R·F·C/"
,1676,n.
,1677,"/R·F·E/"
,1677,n.
,1678,n.
,1679,v.
,1680,n.
,1681,//
,1681,n.
,1682,vt.
,1683,"/roh·boh·kan´sel·@r/"
,1684,n.
,1685,adj.
,1686,adj.
,1688,quant.
,1689,n.
,1690,n.
,1691,"/root´kit/"
,1691,n.
,1692,"/rot ther´teen/"
,1692,"n.,v."
,1693,n.
,1694,"/R·S·N/"
,1694,adj.
,1695,"/R·T·B·M/"
,1695,imp.
,1696,"/R·T·F·A·Q/"
,1696,imp.
,1697,"/R·T·F·B/"
,1697,imp.
,1698,"/R·T·F·M/"
,1698,imp.
,1699,"/R·T·F·S/"
,1700,"/R·T·I/"
,1700,interj.
,1701,"/R·T·M/"
,1702,"/R·T·S/"
,1702,imp.
,1703,n.
,1704,adj.
,1705,pl.n.
,1706,adj.
,1707,n.
,1708,n.
,1709,//
,1709,n.
,1710,adj.
,1711,n.
,1712,"/say´gn/"
,1712,n.
,1713,/sayl/
,1713,"/S·A·I·L/"
,1713,n.
,1714,"/sayls´kri`tr/"
,1714,n.
,1715,n.
,1716,n.
,1717,n.
,1718,n.
,1719,"/sahm·iz·daht/"
,1719,n.
,1720,n.
,1721,n.
,1722,n.
,1723,n.
,1724,n.
,1725,vt.
,1726,vt.
,1727,"/skan´oh/"
,1727,n.
,1728,n.
,1729,"/shroh´din·buhg/"
,1729,n.
,1730,n.
,1731,abbrev
,1732,n.
,1734,n.
,1735,v.
,1736,n.
,1737,n.
,1738,n.
,1739,v.
,1740,n.
,1741,"/skroo'@j/"
,1741,n.
,1742,n.
,1743,pl.n.
,1744,/skrog/
,1744,vt.
,1745,/skrool/
,1745,n.
,1746,"/skroz´l/"
,1746,vt.
,1747,n.
,1748,n.
,1749,"/skuz´ee voo´doo/"
,1750,n.
,1751,n.
,1752,n.
,1754,"/S·E·D/"
,1754,n.
,1756,"n.,vi."
,1757,"/seg´ee/"
,1757,n.
,1758,"/seg´ment/"
,1758,vi.
,1759,n.
,1760,"/seg´vee/"
,1760,"n.,vi."
,1761,n.
,1762,"/sel´v@j/"
,1762,n.
,1763,"/se´mee/"
,1763,"/se´mi:/"
,1764,adj.
,1765,n.
,1766,n.
,1768,n.
,1769,/seks/
,1770,n.
,1771,"/sham·bol´ik link/"
,1771,n.
,1772,"/shar´ fi:l/"
,1772,n.
,1773,"/shar´ki:v/"
,1773,n.
,1774,imp.
,1775,"/sheir´weir/"
,1775,n.
,1777,"/sh@·bang/"
,1777,n.
,1778,"/shelf´weir/"
,1778,n.
,1779,n.
,1780,vi.
,1782,n.
,1783,"/shit´oh·gram/"
,1783,n.
,1784,n.
,1785,"/shuh´v@l·weir`/"
,1785,n.
,1786,n.
,1787,n.
,1788,"/shuhb´ in´t@r·net/"
,1788,n.
,1789,/sig/
,1789,n.
,1790,"/sig blok/"
,1790,n.
,1791,"/sig kwoht/"
,1791,n.
,1792,n.
,1793,n.
,1794,n.
,1795,n.
,1796,vi.
,1797,n.
,1798,adv.
,1799,"/si:t´naym/"
,1799,n.
,1800,v.
,1801,n.
,1803,n.
,1804,n.
,1805,n.
,1806,vi.
,1807,n.
,1808,n.
,1809,"/slop´suhk·r/"
,1809,n.
,1810,"/slo'·lahr·is/"
,1810,n.
,1811,vt.
,1813,adj.
,1814,n.
,1815,vi.
,1816,n.
,1817,n.
,1818,vi.
,1819,n.
,1820,n.
,1821,n.
,1822,/smoot/
,1822,n.
,1823,"/S·M·O·P/"
,1823,n.
,1824,/smerf/
,1824,n.
,1825,"/sna´foo prin´si·pl/"
,1825,n.
,1826,vt.
,1827,n.
,1828,v.
,1829,/snarf/
,1829,vt.
,1830,"/snarf´n·barf`/"
,1830,n.
,1831,v.
,1832,n.
,1833,n.
,1834,"/snee´ker·net/"
,1834,n.
,1835,"v.,n."
,1836,n.
,1837,"/S·O/"
,1837,n.
,1838,n.
,1839,n.
,1839,//
,1840,n.
,1841,n.
,1842,n.
,1843,"/soft´kop·ee/"
,1843,n.
,1844,n.
,1845,n.
,1846,n.
,1847,n.
,1848,"/soft·weir´i·lee/"
,1848,adv.
,1849,n.
,1850,adj.
,1851,n.
,1852,n.
,1853,n.
,1854,n.
,1855,n.
,1856,n.
,1857,n.
,1858,n.
,1859,"vt.,vi.,n."
,1860,n.
,1861,"/spam´blok/"
,1861,n.
,1862,"spam´hows"
,1862,n.
,1863,v.
,1864,n.
,1865,"n.,vi."
,1866,vt.
,1868,n.
,1869,n.
,1870,n.
,1872,n.
,1873,"/spi´fee/"
,1873,adj.
,1874,v.
,1875,vi.
,1876,n.
,1877,"/S·P·L/"
,1878,n.
,1879,n.
,1880,v.
,1882,n.
,1883,n.
,1885,n.
,1886,vi.
,1887,vi.
,1888,n.
,1890,n.
,1891,n.
,1892,n.
,1893,n.
,1894,n.
,1895,n.
,1896,n.
,1898,v.
,1899,n.
,1900,n.
,1901,adj.
,1902,"adj.,v."
,1902,/steevd/
,1903,imp.
,1903,"/S·T·F·W/"
,1904,n.
,1905,vt.
,1906,"n.,adj."
,1907,n.
,1908,"/sto´p@j/"
,1908,n.
,1909,n.
,1911,"/stri:´d@d/"
,1911,adj.
,1912,n.
,1913,n.
,1914,"/stuhb´roo·teen/"
,1914,n.
,1915,adj.
,1916,"/stuhd´lee·kaps/"
,1916,n.
,1917,adj.
,1918,n.
,1919,n.
,1920,prov.
,1921,adj.
,1922,adj.
,1923,n.
,1924,n.
,1925,adj.
,1926,n.
,1927,n.
,1928,n.
,1929,n.
,1930,n.
,1931,n.
,1932,n.
,1933,n.
,1934,n.
,1935,v.
,1936,"/soo´zee koh´bol/"
,1937,/swob/
,1938,vt.
,1939,n.
,1940,n.
,1941,n.
,1943,v.
,1944,/sink/
,1944,vi.
,1945,n.
,1946,n.
,1947,"/sis´frog/"
,1947,n.
,1948,"/sis´ad·min/"
,1948,n.
,1949,"/sys´ayp/"
,1949,n.
,1950,"/sis´op/"
,1950,n.
,1951,n.
,1952,n.
,1953,n.
,1954,/T/
,1955,n.
,1956,n.
,1957,n.
,1958,adj.
,1959,adj.
,1960,"/tan´stah·fl/"
,1961,n.
,1962,vi.
,1963,n.
,1964,"tar´d­jee"
,1964,n.
,1965,n.
,1966,/tayst/
,1967,"/T·C·B/"
,1967,n.
,1968,"/T´C·P I´P/"
,1968,n.
,1969,"/tee´koh/"
,1969,"n.,v. obs."
,1970,"n.,vt."
,1971,"/teer´groob·@/"
,1971,n.
,1972,"/tel`@·dil·do'·niks/"
,1972,n.
,1973,n.
,1974,adj.
,1975,n.
,1976,n.
,1977,"/te´r@/"
,1977,pref.
,1978,"/te´r@·flop kluhb/"
,1978,n.
,1979,"/ter´mi·nak`/"
,1979,n.
,1980,n.
,1981,n.
,1982,n.
,1983,n.
,1984,/tekh/
,1984,n.
,1985,n.
,1988,n.
,1989,n.
,1991,n.
,1992,n.
,1993,"/thing´koh/"
,1993,n.
,1995,excl.
,1996,vi.
,1997,n.
,1998,n.
,1999,n.
,2000,n.
,2001,n.
,2003,/thuhnk/
,2003,n.
,2004,n.
,2005,n.
,2006,vt.
,2007,n.
,2008,n.
,2009,n.
,2010,"/ti:m T/"
,2010,n.
,2011,quant.
,2013,//
,2014,n.
,2015,//
,2016,n.
,2016,//
,2017,n.
,2018,n.
,2019,"/T·L·A/"
,2019,n.
,2020,"/tmerk´/"
,2020,n.
,2021,"/tmerk´ee/"
,2021,n.
,2022,"/tim·toh'·dee/"
,2022,abbrev.
,2023,adj.
,2025,vt.
,2027,n.
,2028,n.
,2030,vt.
,2033,n.
,2034,n.
,2035,n.
,2035,v.
,2036,n.
,2037,n.
,2038,"/tops·ten/"
,2038,n.
,2039,"/tops·twen´tee/"
,2039,n.
,2040,vt.
,2041,n.
,2042,n.
,2043,adj.
,2044,n.
,2045,n.
,2046,n.
,2047,n.
,2048,n.
,2050,n.
,2051,vt.
,2052,v.
,2053,n.
,2054,"/tree´weir/"
,2054,n.
,2055,/trit/
,2055,n.
,2056,adj.
,2057,"/T´rof/"
,2057,/trof/
,2057,n.
,2058,n.
,2059,n.
,2060,n.
,2062,n.
,2063,v.
,2064,"/traw´fee/"
,2064,n.
,2065,n.
,2066,"/T·T·Y/"
,2066,"/tit´ee/"
,2066,n.
,2068,n.
,2069,n.
,2070,n.
,2071,vt.
,2072,n.
,2073,n.
,2074,"/too´rist/"
,2074,n.
,2076,vt.
,2077,"/twe´neks/"
,2077,n.
,2078,n.
,2079,n.
,2079,//
,2080,/twink/
,2080,n.
,2081,n.
,2082,quant.
,2083,quant.
,2084,n.
,2085,pref.
,2086,"/U·B·D/"
,2086,n.
,2087,//
,2087,n.
,2088,n.
,2088,"/oo´ber·geek/"
,2089,n.
,2090,"/U·D·P/"
,2090,"v.,n."
,2091,n.
,2092,excl.
,2093,adj.
,2094,n.
,2095,adj.
,2096,"/yoo´niks/"
,2096,n.
,2097,n.
,2098,n.
,2099,n.
,2100,n.
,2101,v.
,2102,vi.
,2103,n.
,2104,adj.
,2105,"/uhp´lohd/"
,2105,v.
,2106,adj.
,2107,adv.
,2108,n.
,2109,n.
,2110,"/U·R·L/"
,2110,/erl/
,2110,n.
,2111,"/yoos´net/"
,2111,"/yooz´net/"
,2111,n.
,2113,n.
,2114,adj.
,2115,adj.
,2116,n.
,2118,//
,2118,n.
,2120,"/V´sev´en/"
,2120,n.
,2121,"/vad´ing/"
,2121,n.
,2122,adj.
,2123,n.
,2124,"/van'@·var/"
,2124,n.
,2125,"/vay´pr·weir/"
,2125,n.
,2126,/veir/
,2126,/var/
,2126,n.
,2127,n.
,2128,/vaks/
,2128,n.
,2129,"/vak´sn/"
,2129,n.
,2130,"/vak`soh·sen´trizm/"
,2130,n.
,2131,"/vee´dif/"
,2131,"v.,n."
,2132,"/vee´b@l·fes`tr/"
,2132,n.
,2133,n.
,2134,n.
,2135,"/ver´b@j/"
,2135,n.
,2136,n.
,2137,"/vee´ se´vn/"
,2137,n.
,2138,"/vee´grep/"
,2138,"v.,n."
,2139,"/V·I/"
,2139,not
,2139,/vi:/
,2139,never
,2139,/siks/
,2139,n.
,2140,n.
,2141,"n. obs."
,2142,adj.
,2143,adj.
,2144,n.
,2145,n.
,2146,n.
,2147,n.
,2148,n.
,2149,n.
,2150,n.
,2151,"/V·M·S/"
,2151,n.
,2152,vt.
,2153,n.
,2154,n.
,2155,//
,2155,n.
,2156,n.
,2157,n.
,2159,"/wab´it/"
,2159,n.
,2160,/wayts/
,2160,n.
,2161,"/wol´doh/"
,2161,n.
,2162,"n.,vt."
,2163,vt.
,2164,n.
,2165,interj.
,2166,n.
,2167,n.
,2168,n.
,2170,"/wang´goh/"
,2170,n.
,2171,/wangk/
,2171,"n.,v.,adj."
,2172,"/won'@·bee/"
,2172,n.
,2173,n.
,2176,suff.
,2177,/weirz/
,2177,n.
,2178,"/weirz doodz/"
,2178,n.
,2179,n.
,2180,v.
,2181,n.
,2182,n.
,2183,n.
,2184,n.
,2185,n.
,2186,v.
,2187,n.
,2188,n.
,2189,n.
,2190,n.
,2191,n.
,2192,n.
,2193,adj.
,2194,n.
,2195,"/wedj´i·t[y]ood/"
,2195,n.
,2196,"/weeb´l/"
,2196,interj.
,2197,n.
,2198,n.
,2199,"/wee´niks/"
,2199,n.
,2200,adj.
,2201,adj.
,2202,"/wet´weir/"
,2202,n.
,2203,v.
,2204,n.
,2205,n.
,2206,n.
,2208,n.
,2209,n.
,2211,n.
,2213,n.
,2214,adj.
,2217,//
,2217,n.
,2218,n.
,2219,n.
,2221,n.
,2223,vi.
,2224,excl.
,2225,n.
,2226,n.
,2227,n.
,2229,"/win´dohz/"
,2229,n.
,2230,n.
,2231,n.
,2232,"/win'@j/"
,2232,n.
,2234,"/win'@·t[y]ood/"
,2234,n.
,2235,n.
,2236,"/win·ten´doh/"
,2236,n.
,2237,n.
,2238,"/wi:r´hed/"
,2238,n.
,2239,n.
,2240,n.
,2241,adj.
,2242,adj.
,2243,n.
,2244,n.
,2245,n.
,2246,n.
,2247,adj.
,2248,n.
,2249,n.
,2250,"/wom´bat/"
,2250,adj.
,2251,n.
,2252,"/wong´kee/"
,2252,adj.
,2253,n.
,2254,adj.
,2255,n.
,2256,"/werm´hohl/"
,2256,n.
,2257,adj.
,2258,vi.
,2259,n.
,2260,n.
,2261,n.
,2262,n.
,2263,"/wuh´g@ wuh´g@/"
,2263,n.
,2264,"/wuhm´p@s/"
,2264,n.
,2265,"/wiz´ee·ayg/"
,2265,adj.
,2266,"/wiz´ee·wig/"
,2266,"/wiss´ee·wig/"
,2266,adj.
,2267,/X/
,2267,n.
,2268,"/zee´roks park´/"
,2268,n.
,2269,"/X·of/"
,2269,n.
,2270,"/X·on/"
,2270,n.
,2271,"/X´or/"
,2271,/kzor/
,2271,conj.
,2272,"/X´ref/"
,2272,"v.,n."
,2273,"/X·X·X/"
,2273,n.
,2274,"/X·Y·Z·Z·Y/"
,2274,"/X·Y·ziz´ee/"
,2274,"/ziz´ee/"
,2274,"/ik·ziz´ee/"
,2274,adj.
,2275,abbrev.
,2276,"/ya´b@/"
,2276,n.
,2277,"/yaf´ee·y@·gee/"
,2277,adj.
,2279,/yawn/
,2279,n.
,2280,n.
,2281,n.
,2282,adj.
,2283,//
,2284,//
,2284,abbrev.
,2285,//
,2285,cav.
,2286,cav.
,2288,cav.
,2289,/yow/
,2289,interj.
,2290,n.
,2291,"/yoo·shyang hohl fish/"
,2291,"n. obs."
,2293,adj.
,2295,n.
,2296,vt.
,2297,vt.
,2298,adj.
,2299,prov.
,2300,"/zee´rohth/"
,2300,adj.
,2301,"/zig'@·morf/"
,2301,n.
,2302,vt.
,2303,n.
,2304,n.
,2305,/zorch/
,2306,/zork/
,2306,n.
,2307,"/zork´mid/"
,2307,n.
